{
	"name": "df-logger",
	"title": "DF User Logger",
	"description": "Prints a simple message whenever a user logs-in/out of FoundryVTT",
	"version": "1.2",
	"author": "flamewave000",
	"minimumCoreVersion": "0.6.5",
	"compatibleCoreVersion": "0.6.6",
	"esmodules": [ "df-logger.js" ],
	"languages": [
		{ "lang": "en", "name": "English", "path": "lang/en.json" }
	],
	"url": "https://github.com/flamewave000/dragonflagon-fvtt/tree/master/df-logger",
	"license": "https://github.com/flamewave000/dragonflagon-fvtt/raw/master/df-logger/LICENSE",
	"manifest": "https://github.com/flamewave000/dragonflagon-fvtt/raw/master/df-logger/module.json",
	"download": "https://github.com/flamewave000/dragonflagon-fvtt/raw/master/releases/df-logger_1.2.zip",
	"readme": "https://github.com/flamewave000/dragonflagon-fvtt/tree/master/df-logger/README.md",
	"socket": true
}